,Image Name,Acc,F1,Jaccard,Recall,Precision
0,ISIC-2017_Training_Data\ISIC_0011224.jpg,0.9569116709183674,0.9024544306081934,0.8222478007070624,0.8240771259063941,0.9973075388911049
1,ISIC-2017_Training_Data\ISIC_0012768.jpg,0.8824338329081632,0.5534105534105533,0.38256227758007116,0.38256227758007116,1.0
2,ISIC-2017_Training_Data\ISIC_0013921.jpg,0.995475924744898,0.9306022623051056,0.8702115494568324,0.9775208734746307,0.8879813302217037
3,ISIC-2017_Training_Data\ISIC_0011079.jpg,0.9635483099489796,0.9613163850172375,0.9255141519038892,0.9740270872621293,0.9489331496095871
4,ISIC-2017_Training_Data\ISIC_0014537.jpg,0.9563735650510204,0.8920771089089385,0.8051797792808829,0.8262855055256187,0.9692521962716949
5,ISIC-2017_Training_Data\ISIC_0010330.jpg,0.7980907206632653,0.7704854896807957,0.6266583136792453,1.0,0.6266583136792453
6,ISIC-2017_Training_Data\ISIC_0014726.jpg,0.9532246492346939,0.9411705727534779,0.8888783675015387,0.908756474175904,0.9759825327510917
7,ISIC-2017_Training_Data\ISIC_0010864.jpg,0.9900550063775511,0.9690696088762165,0.93999518999519,0.9804339646306284,0.9579656862745098
8,ISIC-2017_Training_Data\ISIC_0000481.jpg,0.9215760522959183,0.9413762793677279,0.8892454051619804,0.9184035347809657,0.9655277794755822
9,ISIC-2017_Training_Data\ISIC_0000258.jpg,0.9270766900510204,0.926225376534871,0.8625882529668019,0.8642760385310054,0.9977411928239434
10,ISIC-2017_Training_Data\ISIC_0013896.jpg,0.9880022321428571,0.9295906432748537,0.8684440559440559,0.8992984838198688,0.961994674412975
11,ISIC-2017_Training_Data\ISIC_0009583.jpg,0.9936025191326531,0.9299279633267845,0.8690330477356181,0.8904682274247492,0.9730470534490635
12,ISIC-2017_Training_Data\ISIC_0000433.jpg,0.8830516581632653,0.8864287373229078,0.7960233592880979,0.7961340564594632,0.9998253580160671
13,ISIC-2017_Training_Data\ISIC_0010337.jpg,0.9616151147959183,0.8901938426453819,0.8021165108394123,0.8059254671208836,0.9941423659747867
14,ISIC-2017_Training_Data\ISIC_0009885.jpg,0.9957549426020408,0.9627687467226009,0.9282103134479271,0.9532710280373832,0.972457627118644
15,ISIC-2017_Training_Data\ISIC_0014680.jpg,0.9775789221938775,0.9510038761377988,0.9065847380220875,0.9791928251121076,0.9243925154516975
16,ISIC-2017_Training_Data\ISIC_0011211.jpg,0.9876235650510204,0.9840650740294065,0.9686300262679329,0.9945023598361081,0.9738445911630269
17,ISIC-2017_Training_Data\ISIC_0014714.jpg,0.9536033163265306,0.9669214811446758,0.9359612686710863,0.9996180739173864,0.936296092460099
18,ISIC-2017_Training_Data\ISIC_0010215.jpg,0.9582270408163265,0.8901697757283588,0.8020774315391879,0.8020774315391879,1.0
19,ISIC-2017_Training_Data\ISIC_0000372.jpg,0.9617944834183674,0.9265207558741232,0.8631007641219739,0.8632857142857143,0.9997518405161717
20,ISIC-2017_Training_Data\ISIC_0013430.jpg,0.9942004145408163,0.9542380877496461,0.9124812030075188,0.947236965344989,0.9613434727503168
21,ISIC-2017_Training_Data\ISIC_0000138.jpg,0.9689692283163265,0.9103058931966128,0.8353774582364136,1.0,0.8353774582364136
22,ISIC-2017_Training_Data\ISIC_0012503.jpg,0.9952965561224489,0.951179147703765,0.9069033530571992,0.9782978723404255,0.9255233494363929
23,ISIC-2017_Training_Data\ISIC_0011382.jpg,0.9735331632653061,0.9569166882948351,0.9173923861657128,0.973336853220697,0.94104134762634
24,ISIC-2017_Training_Data\ISIC_0011117.jpg,0.6821189413265306,0.47474148718961995,0.31125313066758786,0.31125313066758786,1.0
25,ISIC-2017_Training_Data\ISIC_0014582.jpg,0.840202487244898,0.4282658300057045,0.2724798112693948,0.2724798112693948,1.0
26,ISIC-2017_Training_Data\ISIC_0010016.jpg,0.9950972576530612,0.9617418351477449,0.926303175554224,0.9741650913673598,0.9496314496314496
27,ISIC-2017_Training_Data\ISIC_0000543.jpg,0.9500956632653061,0.9187751394835864,0.8497539901596064,1.0,0.8497539901596064
28,ISIC-2017_Training_Data\ISIC_0000500.jpg,0.9627710459183674,0.9026474880133416,0.8225683890577508,0.8225683890577508,1.0
29,ISIC-2017_Training_Data\ISIC_0013561.jpg,0.984016262755102,0.8974948875255623,0.8140505448643636,0.9704256495301271,0.8347598668568711
30,ISIC-2017_Training_Data\ISIC_0013670.jpg,0.9987045599489796,0.9472830494728305,0.8998459167950693,0.9915110356536503,0.906832298136646
31,ISIC-2017_Training_Data\ISIC_0013032.jpg,0.9958745216836735,0.957169459962756,0.9178571428571428,0.932285368802902,0.9834183673469388
32,ISIC-2017_Training_Data\ISIC_0009955.jpg,0.9011878188775511,0.6092370744010088,0.43805961691034795,0.43805961691034795,1.0
33,ISIC-2017_Training_Data\ISIC_0010371.jpg,0.9823222257653061,0.9573373094127267,0.9181658824614817,0.982137570314813,0.9337586789266279
34,ISIC-2017_Training_Data\ISIC_0010025.jpg,0.9844746492346939,0.9496997481758894,0.9042173859584409,0.9067817509247842,0.9968822014368984
35,ISIC-2017_Training_Data\ISIC_0010231.jpg,0.8676259566326531,0.8682822353547773,0.7672250648349338,0.7672250648349338,1.0
36,ISIC-2017_Training_Data\ISIC_0012489.jpg,0.9434390943877551,0.7259030326443886,0.5697392359005458,0.5740033603177027,0.9871289729445758
37,ISIC-2017_Training_Data\ISIC_0000503.jpg,0.9811463647959183,0.9606358189081226,0.9242533429417887,0.9970631424375918,0.9267763950220795
38,ISIC-2017_Training_Data\ISIC_0013034.jpg,0.9819834183673469,0.8899975663178389,0.8017978513483885,0.9731240021287919,0.8199551569506727
39,ISIC-2017_Training_Data\ISIC_0010339.jpg,0.9817641900510204,0.9252145484266449,0.8608365019011407,0.9984124184159464,0.8620164483703929
40,ISIC-2017_Training_Data\ISIC_0011217.jpg,0.9910315688775511,0.9385413821360284,0.8841996911991765,0.8885440910266357,0.9945007235890014
41,ISIC-2017_Training_Data\ISIC_0012102.jpg,0.9969905931122449,0.9604193971166449,0.9238527483610691,0.9581589958158996,0.9626904887020494
42,ISIC-2017_Training_Data\ISIC_0011215.jpg,0.9943997130102041,0.9387399171571833,0.8845521774856204,0.900836820083682,0.9799726900318616
43,ISIC-2017_Training_Data\ISIC_0013044.jpg,0.9960339604591837,0.9020187099950763,0.8215246636771301,0.9978213507625272,0.8230008984725966
44,ISIC-2017_Training_Data\ISIC_0011114.jpg,0.9835977359693877,0.949100129878162,0.9031308851224106,0.9556607298542782,0.9426289926289926
45,ISIC-2017_Training_Data\ISIC_0007475.jpg,0.9816246811224489,0.9232050641345992,0.8573638613861386,0.8590916137033018,0.9976597659765977
46,ISIC-2017_Training_Data\ISIC_0014713.jpg,0.9212372448979592,0.8242774566473988,0.7010816125860374,0.7662863756613757,0.8917644795074081
47,ISIC-2017_Training_Data\ISIC_0000545.jpg,0.9582868303571429,0.9460441855069475,0.8976127580471578,0.9334588187414152,0.9589735549283998
48,ISIC-2017_Training_Data\ISIC_0000276.jpg,0.9745296556122449,0.9690016493645095,0.9398673128499506,0.9506924944076912,0.9880298758470594
49,ISIC-2017_Training_Data\ISIC_0009758.jpg,0.9839365433673469,0.9317180616740088,0.8721649484536083,0.8886554621848739,0.9791666666666666
50,ISIC-2017_Training_Data\ISIC_0012740.jpg,0.9980070153061225,0.9172185430463576,0.8470948012232415,0.992831541218638,0.8523076923076923
51,ISIC-2017_Training_Data\ISIC_0000247.jpg,0.9818439094387755,0.9160291271084893,0.8450680272108844,0.8450680272108844,1.0
52,ISIC-2017_Training_Data\ISIC_0010364.jpg,0.9688895089285714,0.920684924546517,0.8530270219376707,0.9991177767975298,0.8536700273249788
53,ISIC-2017_Training_Data\ISIC_0009975.jpg,0.9554567920918368,0.8854727132974635,0.7944827586206896,0.7944827586206896,1.0
54,ISIC-2017_Training_Data\ISIC_0013304.jpg,0.9795320471938775,0.8230225745304154,0.6992679355783309,0.7033873343151694,0.9916943521594684
55,ISIC-2017_Training_Data\ISIC_0011358.jpg,0.9629304846938775,0.9284835435250691,0.8665135639443089,0.9901590946367066,0.8740408281453598
56,ISIC-2017_Training_Data\ISIC_0013207.jpg,0.9765625,0.6216216216216216,0.45098039215686275,0.45098039215686275,1.0
57,ISIC-2017_Training_Data\ISIC_0012826.jpg,0.9846540178571429,0.938879187172567,0.8847995212447636,0.9611571591093775,0.917610550814585
58,ISIC-2017_Training_Data\ISIC_0010180.jpg,0.9642059948979592,0.8607536052101101,0.7555464815570981,0.7555464815570981,1.0
59,ISIC-2017_Training_Data\ISIC_0015032.jpg,0.9592833227040817,0.917564459508534,0.8476850816372177,0.9890396659707724,0.855723639647776
60,ISIC-2017_Training_Data\ISIC_0014769.jpg,0.9746293048469388,0.969814810423731,0.9413985177001335,0.9623529411764706,0.9773932992400708
61,ISIC-2017_Training_Data\ISIC_0013315.jpg,0.9326371173469388,0.6530486553069185,0.4848346288675507,0.5109219402505621,0.9047212741751991
62,ISIC-2017_Training_Data\ISIC_0000038.jpg,0.8998525191326531,0.8929187887570055,0.8065522020326455,0.8065522020326455,1.0
63,ISIC-2017_Training_Data\ISIC_0012739.jpg,0.9937220982142857,0.8110377924415116,0.6821392532795156,1.0,0.6821392532795156
64,ISIC-2017_Training_Data\ISIC_0013675.jpg,0.9935626594387755,0.9545390570021112,0.9130317716747443,0.9388150609080842,0.9707987403378185
65,ISIC-2017_Training_Data\ISIC_0014088.jpg,0.990852200255102,0.9466092823077819,0.8986307420494699,0.9977930358018636,0.900420447001549
66,ISIC-2017_Training_Data\ISIC_0010595.jpg,0.9729551977040817,0.9655435086204708,0.9333824251350025,0.949558008290466,0.9820764462809918
67,ISIC-2017_Training_Data\ISIC_0012298.jpg,0.974609375,0.8689570047315368,0.7682793743179338,0.9997633136094675,0.768419137711479
68,ISIC-2017_Training_Data\ISIC_0012957.jpg,0.9928850446428571,0.8305647840531561,0.7102272727272727,0.710804224207961,0.9988584474885844
69,ISIC-2017_Training_Data\ISIC_0013526.jpg,0.998664700255102,0.9413823272090989,0.8892561983471075,0.8892561983471075,1.0
70,ISIC-2017_Training_Data\ISIC_0013090.jpg,0.9985451211734694,0.9560505719446117,0.9158016147635525,0.9441141498216409,0.9682926829268292
71,ISIC-2017_Training_Data\ISIC_0000453.jpg,0.9782565369897959,0.9509067182648607,0.9064081667667496,0.9249759257638098,0.9783333333333334
72,ISIC-2017_Training_Data\ISIC_0013434.jpg,0.9973094706632653,0.9672091328637358,0.9365004703668862,0.954916067146283,0.9798228346456693
73,ISIC-2017_Training_Data\ISIC_0013346.jpg,0.9251036352040817,0.6366273448075807,0.46695035460992906,0.46695035460992906,1.0
74,ISIC-2017_Training_Data\ISIC_0010051.jpg,0.9036591198979592,0.9162740751004572,0.8454850567364551,0.8455661402723611,0.9998865955999092
75,ISIC-2017_Training_Data\ISIC_0014931.jpg,0.9698860012755102,0.9432530889698427,0.8926007534295259,0.9426512535655307,0.9438556933483653
76,ISIC-2017_Training_Data\ISIC_0014722.jpg,0.9487603635204082,0.9509809529256993,0.9065430752453654,0.9209719708999594,0.9830114308238076
77,ISIC-2017_Training_Data\ISIC_0000031.jpg,0.9611766581632653,0.9395106197987828,0.8859217615366597,0.9296951819075713,0.9495355259854381
78,ISIC-2017_Training_Data\ISIC_0014742.jpg,0.9723971619897959,0.9768707937409195,0.9547873208631215,0.9988388771258794,0.9558482303343246
79,ISIC-2017_Training_Data\ISIC_0000025.jpg,0.9468470982142857,0.8773962212108676,0.7815724815724816,0.9991623913726312,0.7820849041140796
80,ISIC-2017_Training_Data\ISIC_0014855.jpg,0.9622528698979592,0.91788780022544,0.8482371794871795,0.8857095046854083,0.952492351988483
81,ISIC-2017_Training_Data\ISIC_0000131.jpg,0.9856903698979592,0.9721575926787652,0.9458235871123519,0.966908361616785,0.9774641297567062
82,ISIC-2017_Training_Data\ISIC_0013517.jpg,0.9987643494897959,0.9523076923076924,0.908957415565345,0.9717425431711146,0.9336349924585219
83,ISIC-2017_Training_Data\ISIC_0000069.jpg,0.9414859693877551,0.8125159642401021,0.6842331684233168,1.0,0.6842331684233168
84,ISIC-2017_Training_Data\ISIC_0000436.jpg,0.9017657844387755,0.8930083136165317,0.8066983018941919,0.8095875314861462,0.9955955665263057
85,ISIC-2017_Training_Data\ISIC_0012873.jpg,0.9989237882653061,0.9551495016611296,0.9141494435612083,0.9862778730703259,0.9259259259259259
86,ISIC-2017_Training_Data\ISIC_0014545.jpg,0.9970902423469388,0.9760734185512946,0.9532650448143406,0.9923358880373209,0.9603353756852628
87,ISIC-2017_Training_Data\ISIC_0001140.jpg,0.9907924107142857,0.9841346153846154,0.9687647893989588,0.9784226698531923,0.9899136442141624
88,ISIC-2017_Training_Data\ISIC_0014823.jpg,0.9944794323979592,0.9667027286933525,0.9355514192647744,0.9615016738402679,0.9719603577471598
89,ISIC-2017_Training_Data\ISIC_0012274.jpg,0.9936423788265306,0.9251349448486271,0.8606986899563319,0.9771938522558254,0.8783422459893048
90,ISIC-2017_Training_Data\ISIC_0000259.jpg,0.928352200255102,0.9583357478124819,0.9200044503782822,0.9242823929178217,0.9949943445719924
91,ISIC-2017_Training_Data\ISIC_0000221.jpg,0.9838568239795918,0.9453588774959525,0.8963796853012664,0.8963796853012664,1.0
92,ISIC-2017_Training_Data\ISIC_0000153.jpg,0.9545798788265306,0.9241521616134722,0.8589989482150591,0.9999279798343537,0.8590520975126841
93,ISIC-2017_Training_Data\ISIC_0013215.jpg,0.9851124043367347,0.9727680361634647,0.946979913407623,0.955799126011892,0.9903503562945368
94,ISIC-2017_Training_Data\ISIC_0011204.jpg,0.9533043686224489,0.8502779730334207,0.7395509115162294,0.7421909861668898,0.9952131637995513
95,ISIC-2017_Training_Data\ISIC_0000179.jpg,0.9427814094387755,0.9255503980499443,0.8614181589998552,0.8813709996048993,0.9743925743925744
96,ISIC-2017_Training_Data\ISIC_0010024.jpg,0.9047951211734694,0.513890302228554,0.3457956724185155,0.3457956724185155,1.0
97,ISIC-2017_Training_Data\ISIC_0010202.jpg,0.9694874043367347,0.9783282610234268,0.9575759255154068,0.99942158081962,0.9581069091715648
98,ISIC-2017_Training_Data\ISIC_0008280.jpg,0.9941007653061225,0.9516497876510943,0.907759426612652,0.9921662125340599,0.9143126177024482
99,ISIC-2017_Training_Data\ISIC_0010488.jpg,0.9187858737244898,0.9009840845583768,0.8198098607119169,0.8237071263550737,0.994261811551456
100,ISIC-2017_Training_Data\ISIC_0000145.jpg,0.9851522640306123,0.9759483454398709,0.9530264817150063,0.9997354322375819,0.9532669021190716
101,ISIC-2017_Training_Data\ISIC_0012390.jpg,0.9688097895408163,0.866113439986312,0.7638448770182587,0.7717639884128679,0.9867446393762184
102,ISIC-2017_Training_Data\ISIC_0013356.jpg,0.9985650510204082,0.9548306148055207,0.9135654261704682,0.9168674698795181,0.9960732984293194
103,ISIC-2017_Training_Data\ISIC_0014092.jpg,0.9969706632653061,0.9276190476190477,0.8650088809946714,1.0,0.8650088809946714
104,ISIC-2017_Training_Data\ISIC_0009882.jpg,0.9887595663265306,0.9766999917375857,0.9544610415825595,0.9566237759974103,0.9976369313866149
105,ISIC-2017_Training_Data\ISIC_0009929.jpg,0.9978874362244898,0.9510618651892889,0.9066901408450704,0.9970958373668926,0.9090909090909091
106,ISIC-2017_Training_Data\ISIC_0014490.jpg,0.9975486288265306,0.9521586931155192,0.9086859688195991,0.9525291828793774,0.9517884914463453
107,ISIC-2017_Training_Data\ISIC_0012094.jpg,0.9983059630102041,0.9568746829020803,0.9173151750972762,0.9208984375,0.9957761351636748
108,ISIC-2017_Training_Data\ISIC_0012930.jpg,0.9956154336734694,0.9603460706560922,0.9237170596393898,0.9804931910195068,0.9410102437301306
109,ISIC-2017_Training_Data\ISIC_0014570.jpg,0.9886001275510204,0.8912133891213389,0.8037735849056604,0.8169456066945606,0.9803347280334728
110,ISIC-2017_Training_Data\ISIC_0000231.jpg,0.9892976721938775,0.9829464257359712,0.9664647473927434,0.9972934656527903,0.9690063239621814
111,ISIC-2017_Training_Data\ISIC_0014599.jpg,0.9767617984693877,0.9629111266620015,0.9284750337381916,0.9935018050541516,0.9341479972844535
112,ISIC-2017_Training_Data\ISIC_0013695.jpg,0.9923270089285714,0.9275907466616513,0.8649596632760435,0.9693396226415094,0.8892895780742878
113,ISIC-2017_Training_Data\ISIC_0012865.jpg,0.9946986607142857,0.9566916313904266,0.9169787765293383,0.9642271086314408,0.9492730210016155
114,ISIC-2017_Training_Data\ISIC_0014920.jpg,0.9744100765306123,0.9110310421286031,0.8365996436752354,0.9998479087452471,0.8367061219294897
115,ISIC-2017_Training_Data\ISIC_0012211.jpg,0.9933633609693877,0.9562014994081284,0.9160786290322581,0.9263506625891947,0.9880402283229138
116,ISIC-2017_Training_Data\ISIC_0000182.jpg,0.9850326849489796,0.972560195842011,0.9465860597439545,0.9993992640985206,0.9471249644178764
117,ISIC-2017_Training_Data\ISIC_0012961.jpg,0.9941804846938775,0.9584991472427515,0.9203056768558951,0.9808027923211169,0.9371873262923847
118,ISIC-2017_Training_Data\ISIC_0014440.jpg,0.997688137755102,0.8473684210526315,0.7351598173515982,1.0,0.7351598173515982
119,ISIC-2017_Training_Data\ISIC_0000192.jpg,0.8986766581632653,0.8972638726104352,0.8136705149349459,0.8421911156632904,0.9600432432432432
120,ISIC-2017_Training_Data\ISIC_0000407.jpg,0.9577686543367347,0.9351491966335118,0.8781973903546588,0.9593118171543388,0.9121738611260374
121,ISIC-2017_Training_Data\ISIC_0010570.jpg,0.9038982780612245,0.8517584849975407,0.7417938420348059,0.7417938420348059,1.0
122,ISIC-2017_Training_Data\ISIC_0012156.jpg,0.9980867346938775,0.9505154639175258,0.9056974459724951,0.9935344827586207,0.9110671936758893
123,ISIC-2017_Training_Data\ISIC_0010602.jpg,0.9771205357142857,0.9793205317577548,0.959479015918958,0.9946940866510539,0.9644149577804584
124,ISIC-2017_Training_Data\ISIC_0015211.jpg,0.8092315051020408,0.7508329862557268,0.6010669334000167,0.601091985162339,0.9999306662968869
125,ISIC-2017_Training_Data\ISIC_0010494.jpg,0.9780572385204082,0.9663436554275059,0.9348790441828828,0.9647805652200452,0.9679118187385181
126,ISIC-2017_Training_Data\ISIC_0014922.jpg,0.9671954719387755,0.956237371051792,0.9161444801059656,0.9216852032186972,0.9934810231478923
127,ISIC-2017_Training_Data\ISIC_0012213.jpg,0.9974489795918368,0.9187817258883249,0.8497652582159625,0.9783783783783784,0.8660287081339713
128,ISIC-2017_Training_Data\ISIC_0013975.jpg,0.9871851084183674,0.9004181508440452,0.8188732394366197,0.8977764051883879,0.9030754892823858
129,ISIC-2017_Training_Data\ISIC_0012720.jpg,0.9633689413265306,0.8987327823691461,0.8160896537922754,1.0,0.8160896537922754
130,ISIC-2017_Training_Data\ISIC_0012702.jpg,0.9964923469387755,0.8253968253968255,0.7027027027027027,0.7482014388489209,0.9203539823008849
131,ISIC-2017_Training_Data\ISIC_0012201.jpg,0.9975486288265306,0.979679497769701,0.9601683937823834,0.9889926617745164,0.9705400981996727
132,ISIC-2017_Training_Data\ISIC_0015200.jpg,0.8271484375,0.8593757600324281,0.7534258258941263,0.7542191991348152,0.9986057728540206
133,ISIC-2017_Training_Data\ISIC_0006193.jpg,0.989616549744898,0.9076404892749512,0.83089905874716,0.83089905874716,1.0
134,ISIC-2017_Training_Data\ISIC_0009252.jpg,0.9901147959183674,0.9119630812921549,0.8381729200652529,0.8422950819672131,0.9941950464396285
135,ISIC-2017_Training_Data\ISIC_0012342.jpg,0.9530652104591837,0.7975586693028454,0.6632828138404346,0.8012089810017271,0.7939414684237549
136,ISIC-2017_Training_Data\ISIC_0013134.jpg,0.9604990433673469,0.651791988756149,0.4834506124576492,1.0,0.4834506124576492
137,ISIC-2017_Training_Data\ISIC_0000499.jpg,0.9841956313775511,0.9388918856438314,0.8848220769789398,0.9114302812687014,0.9680597489273797
138,ISIC-2017_Training_Data\ISIC_0013025.jpg,0.9967315051020408,0.8857938718662953,0.795,1.0,0.795
139,ISIC-2017_Training_Data\ISIC_0000463.jpg,0.9781170280612245,0.9609641638225256,0.9248614247587764,0.9288021441825304,0.9954334536348236
140,ISIC-2017_Training_Data\ISIC_0015220.jpg,0.9412468112244898,0.9609608814259608,0.9248553439881726,0.9961562748812564,0.9281676089125375
141,ISIC-2017_Training_Data\ISIC_0015627.jpg,0.9826610331632653,0.9261460101867571,0.8624505928853755,0.986794500723589,0.8725207933461292
142,ISIC-2017_Training_Data\ISIC_0003462.jpg,0.9934829400510204,0.8593548387096774,0.753393665158371,0.753393665158371,1.0
143,ISIC-2017_Training_Data\ISIC_0013492.jpg,0.9964724170918368,0.9683646112600536,0.9386694386694386,0.9737598849748382,0.9630287948809101
144,ISIC-2017_Training_Data\ISIC_0012990.jpg,0.9965122767857143,0.9408983451536642,0.8883928571428571,0.9964234620886981,0.891234804862444
145,ISIC-2017_Training_Data\ISIC_0012416.jpg,0.8830915178571429,0.7721941747572817,0.6289220647773279,0.7114132379248659,0.8443312101910828
146,ISIC-2017_Training_Data\ISIC_0009979.jpg,0.9830596301020408,0.9094974446337308,0.834016793595001,0.8372868065085277,0.9953390817991145
147,ISIC-2017_Training_Data\ISIC_0000169.jpg,0.9285315688775511,0.8853800421913957,0.7943335627437486,0.9941856291723494,0.798040910400461
148,ISIC-2017_Training_Data\ISIC_0010357.jpg,0.9647441007653061,0.8115077250932339,0.6828043751120674,0.6829268292682927,0.9997374639012864
149,ISIC-2017_Training_Data\ISIC_0010058.jpg,0.9800701530612245,0.9556776881482137,0.9151175621763857,0.9776024664490388,0.934714756372464
150,ISIC-2017_Training_Data\ISIC_0013224.jpg,0.9830596301020408,0.7268637532133676,0.5709237758707724,0.8940711462450592,0.6123443421765025
151,ISIC-2017_Training_Data\ISIC_0010585.jpg,0.9980668048469388,0.9579540528825313,0.9193011647254575,0.9701492537313433,0.9460616438356164
152,ISIC-2017_Training_Data\ISIC_0011225.jpg,0.9938217474489796,0.877663772691397,0.7819971870604782,1.0,0.7819971870604782
153,ISIC-2017_Training_Data\ISIC_0014328.jpg,0.9343311543367347,0.40123568962384154,0.2509661286656058,0.2509661286656058,1.0
154,ISIC-2017_Training_Data\ISIC_0000419.jpg,0.9730947066326531,0.9603989439718392,0.9238148984198645,0.9988406858258588,0.9248065081068866
155,ISIC-2017_Training_Data\ISIC_0014547.jpg,0.9966717155612245,0.8146503884572697,0.6872659176029963,1.0,0.6872659176029963
156,ISIC-2017_Training_Data\ISIC_0014045.jpg,0.9115114795918368,0.22889892323723515,0.12924102765248088,0.3746446844798181,0.16479119779944987
157,ISIC-2017_Training_Data\ISIC_0011367.jpg,0.9814054528061225,0.8083008013149785,0.6782758620689655,0.7533512064343163,0.8718971631205674
158,ISIC-2017_Training_Data\ISIC_0004110.jpg,0.9874043367346939,0.9502126989128722,0.905147831307219,0.9052836985890123,0.9998342175066313
159,ISIC-2017_Training_Data\ISIC_0012294.jpg,0.9873246173469388,0.9251236166705911,0.8606790799561884,0.8990846681922197,0.9527158098933075
160,ISIC-2017_Training_Data\ISIC_0010064.jpg,0.9817841198979592,0.9359226023555806,0.8795625247068125,0.9747371495327103,0.9000809061488673
161,ISIC-2017_Training_Data\ISIC_0009960.jpg,0.9929846938775511,0.9079016221873365,0.8313368471490177,0.9959816303099885,0.8341346153846154
162,ISIC-2017_Training_Data\ISIC_0000349.jpg,0.9893574617346939,0.9569493711705901,0.917452465605194,0.9719947592531936,0.9423626548110511
163,ISIC-2017_Training_Data\ISIC_0000485.jpg,0.8478954081632653,0.8530102846577557,0.7436947979984552,0.7462259064563957,0.9954598579519913
164,ISIC-2017_Training_Data\ISIC_0012879.jpg,0.9983458227040817,0.9707231040564374,0.9431117203564084,0.9535689535689535,0.9885057471264368
165,ISIC-2017_Training_Data\ISIC_0012746.jpg,0.9767418686224489,0.6298763082778306,0.4597222222222222,0.9659533073929961,0.4672941176470588
166,ISIC-2017_Training_Data\ISIC_0012227.jpg,0.9778579400510204,0.9582910988474678,0.9199221565518235,0.933650329188003,0.9842677566129405
167,ISIC-2017_Training_Data\ISIC_0012725.jpg,0.9982262436224489,0.9666541775946047,0.9354604786076868,0.985485103132162,0.9485294117647058
168,ISIC-2017_Training_Data\ISIC_0012944.jpg,0.9432796556122449,0.7085210979106924,0.5486122125297384,1.0,0.5486122125297384
169,ISIC-2017_Training_Data\ISIC_0013365.jpg,0.9852120535714286,0.9161581920903954,0.8452877397831526,0.8456403838130997,0.9995069033530573
170,ISIC-2017_Training_Data\ISIC_0000423.jpg,0.9901745854591837,0.9847079624057818,0.9698765733838446,0.9875567722267156,0.9818755412594333
171,ISIC-2017_Training_Data\ISIC_0010213.jpg,0.9653619260204082,0.9312608764436007,0.8713640737177115,0.9227212163962693,0.9399600798403194
172,ISIC-2017_Training_Data\ISIC_0014302.jpg,0.9957948022959183,0.9571573604060913,0.9178348909657321,0.992003367003367,0.924676343664182
173,ISIC-2017_Training_Data\ISIC_0010021.jpg,0.9328364158163265,0.9331561409076483,0.8746885806715502,0.8848222681963513,0.9870756577567035
174,ISIC-2017_Training_Data\ISIC_0013682.jpg,0.9782565369897959,0.8947622262949744,0.8095653691743759,0.9719195305951384,0.8289544235924933
175,ISIC-2017_Training_Data\ISIC_0015372.jpg,0.9706433354591837,0.9814364390225461,0.9635495285936997,0.9708529683097714,0.9922531981040722
176,ISIC-2017_Training_Data\ISIC_0013329.jpg,0.9966717155612245,0.9314731226918342,0.8717357910906298,1.0,0.8717357910906298
177,ISIC-2017_Training_Data\ISIC_0011177.jpg,0.9660594706632653,0.9567645789433598,0.9171128200136279,0.9990456497534596,0.9179169914263445
178,ISIC-2017_Training_Data\ISIC_0012675.jpg,0.9970304528061225,0.9377350605933974,0.8827694728560189,0.9920424403183024,0.8890649762282092
179,ISIC-2017_Training_Data\ISIC_0012450.jpg,0.9971301020408163,0.9590210586226523,0.9212684527063969,0.9911764705882353,0.9288864388092613
180,ISIC-2017_Training_Data\ISIC_0010857.jpg,0.8280851403061225,0.8869077274038336,0.7967962308598351,0.7986399697771062,0.9971110193974412
181,ISIC-2017_Training_Data\ISIC_0014569.jpg,0.9850725446428571,0.9559748427672957,0.9156626506024096,0.9908614597294992,0.9234612764024529
182,ISIC-2017_Training_Data\ISIC_0013971.jpg,0.9514907525510204,0.12822349570200572,0.06850363566781477,1.0,0.06850363566781477
183,ISIC-2017_Training_Data\ISIC_0012661.jpg,0.9700255102040817,0.8251162790697675,0.7022961203483769,0.7036890122967077,0.9971894322653176
184,ISIC-2017_Training_Data\ISIC_0004346.jpg,0.9941007653061225,0.927415399705738,0.8646547782350251,0.9536056480080686,0.9026252983293556
185,ISIC-2017_Training_Data\ISIC_0002975.jpg,0.9940011160714286,0.918846050148288,0.8498753117206983,0.8515742128935532,0.9976580796252927
186,ISIC-2017_Training_Data\ISIC_0013844.jpg,0.9934829400510204,0.9307056579783853,0.8703923900118906,0.898894801473598,0.9648506151142355
187,ISIC-2017_Training_Data\ISIC_0011089.jpg,0.9559351084183674,0.9004098914463313,0.8188595772570867,0.8426066430618783,0.9667279233968469
188,ISIC-2017_Training_Data\ISIC_0008659.jpg,0.9949976084183674,0.928995756718529,0.8674062334918119,0.9850029994001199,0.8790149892933619
189,ISIC-2017_Training_Data\ISIC_0008541.jpg,0.9931839923469388,0.8992339422510311,0.816916488222698,1.0,0.816916488222698
190,ISIC-2017_Training_Data\ISIC_0014066.jpg,0.9932039221938775,0.948121101475734,0.9013595603124096,1.0,0.9013595603124096
191,ISIC-2017_Training_Data\ISIC_0013438.jpg,0.987922512755102,0.9063658838071693,0.8287651879061881,1.0,0.8287651879061881
192,ISIC-2017_Training_Data\ISIC_0010264.jpg,0.9409877232142857,0.9470881506763639,0.8994942466311395,0.9524494123566833,0.9417869073850309
193,ISIC-2017_Training_Data\ISIC_0013500.jpg,0.9953563456632653,0.9536871397336513,0.9114741641337386,0.9925527513446422,0.9177505738332058
194,ISIC-2017_Training_Data\ISIC_0012246.jpg,0.9951371173469388,0.9818937370139508,0.9644314868804664,0.9904191616766467,0.9735138316656857
195,ISIC-2017_Training_Data\ISIC_0000522.jpg,0.9128866390306123,0.856316360408928,0.7487353414578064,0.9918519646664636,0.7533691942853837
196,ISIC-2017_Training_Data\ISIC_0010444.jpg,0.9978675063775511,0.9610767551837033,0.9250700280112045,0.9382102272727273,0.9850857568978374
197,ISIC-2017_Training_Data\ISIC_0011230.jpg,0.9933035714285714,0.9702127659574469,0.9421487603305785,0.9839956842294552,0.9568106312292359
198,ISIC-2017_Training_Data\ISIC_0011229.jpg,0.8579799107142857,0.8211165779696757,0.6965205911162217,0.9075019420708024,0.7497478683414321
199,ISIC-2017_Training_Data\ISIC_0009969.jpg,0.9735929528061225,0.9562229490864639,0.916118004558116,0.9831510292818806,0.9307306405968613
200,ISIC-2017_Training_Data\ISIC_0014197.jpg,0.9956154336734694,0.9848838807200769,0.9702179504534993,0.9934848904907125,0.9764305177111716
201,ISIC-2017_Training_Data\ISIC_0013800.jpg,0.9855707908163265,0.8214109521460286,0.6969443281707828,0.9952181709503886,0.6992860142797144
202,ISIC-2017_Training_Data\ISIC_0013837.jpg,0.9977479272959183,0.8952734012974977,0.8104026845637584,1.0,0.8104026845637584
203,ISIC-2017_Training_Data\ISIC_0013888.jpg,0.9962731186224489,0.8488278092158448,0.7373595505617978,1.0,0.7373595505617978
204,ISIC-2017_Training_Data\ISIC_0013197.jpg,0.9984454719387755,0.8528301886792453,0.743421052631579,0.9912280701754386,0.7483443708609272
205,ISIC-2017_Training_Data\ISIC_0005187.jpg,0.9915896045918368,0.9264808362369338,0.8630314832846478,0.9800958348691485,0.8784274859596961
206,ISIC-2017_Training_Data\ISIC_0014029.jpg,0.9966119260204082,0.9596774193548387,0.9224806201550387,0.9985192497532083,0.9237442922374429
207,ISIC-2017_Training_Data\ISIC_0000531.jpg,0.9614158163265306,0.9032387045181927,0.8235508567262122,0.9992259206015702,0.824076607387141
208,ISIC-2017_Training_Data\ISIC_0014760.jpg,0.9799107142857143,0.9847360610557557,0.9699310920860305,0.981614539306847,0.9878774989366227
209,ISIC-2017_Training_Data\ISIC_0000003.jpg,0.9680125956632653,0.953899181387333,0.9118616144975288,1.0,0.9118616144975288
210,ISIC-2017_Training_Data\ISIC_0010011.jpg,0.9599011479591837,0.9147602101338755,0.8429106808244847,0.8438990072696005,0.998612524280825
211,ISIC-2017_Training_Data\ISIC_0000549.jpg,0.8891900510204082,0.8607911867801703,0.7556043956043956,0.9985477781004938,0.7564356435643564
212,ISIC-2017_Training_Data\ISIC_0010497.jpg,0.8025749362244898,0.7805591245403394,0.6400959162912367,0.6400959162912367,1.0
213,ISIC-2017_Training_Data\ISIC_0015006.jpg,0.9916693239795918,0.9771684509504042,0.9553561892555805,0.9936680737613863,0.9612078229099505
214,ISIC-2017_Training_Data\ISIC_0010358.jpg,0.9676339285714286,0.905427440018635,0.8271972760161737,0.8282548476454293,0.9984587721551502
